                  epoch,         train/box_loss,         train/cls_loss,         train/dfl_loss,   metrics/precision(B),      metrics/recall(B),       metrics/mAP50(B),    metrics/mAP50-95(B),           val/box_loss,           val/cls_loss,           val/dfl_loss,                 lr/pg0,                 lr/pg1,                 lr/pg2
                    197,                0.71169,                0.44071,                 1.2436,                0.48666,                0.48441,                0.48877,                    0.4,                 0.4222,                0.24559,                0.64255,              0.0003475,              0.0003475,              0.0003475
                    198,                0.70181,                0.43725,                 1.2374,                0.48628,                0.48426,                0.48877,                 0.4003,                0.42173,                0.24542,                0.64219,               0.000298,               0.000298,               0.000298
                    199,                0.69885,                0.42786,                 1.2277,                0.48617,                0.48417,                0.48877,                 0.4004,                0.42089,                0.24501,                 0.6414,              0.0002485,              0.0002485,              0.0002485
                    200,                0.69371,                0.42411,                 1.2269,                0.48658,                0.48451,                0.48879,                0.40075,                 0.4204,                 0.2449,                0.64089,               0.000199,               0.000199,               0.000199
